algorithm,metrics,avg_execution_time
Tensor Sketch,"{'RMSE': 0.08378151205796897, 'MAE': 0.059373062110443534}",0.04895899176597595
Weighted MinHash,"{'RMSE': 0.0306937242767349, 'MAE': 0.02590153637575448}",0.08337207674980164
