algorithm,metrics,avg_execution_time
Tensor Sketch,"{'RMSE': 0.01571961758268133, 'MAE': 0.01196820963641972}",0.08659990215301513
Weighted MinHash,"{'RMSE': 0.06490398933237684, 'MAE': 0.04535490755797194}",1.2674164524078368
