algorithm,metrics,avg_execution_time
Tensor Sketch,"{'RMSE': 0.04665728553760586, 'MAE': 0.03568406658924584}",0.04633010149002075
Weighted MinHash,"{'RMSE': 0.06490398933237684, 'MAE': 0.04535490755797194}",1.4372781324386597
