algorithm,metrics,avg_execution_time
Tensor Sketch,"{'RMSE': 0.043714849102396605, 'MAE': 0.03462903906381936}",0.04580339670181274
Weighted MinHash,"{'RMSE': 0.06490398933237684, 'MAE': 0.04535490755797194}",1.2809656143188477
