algorithm,metrics,avg_execution_time
Tensor Sketch,"{'RMSE': 0.024196825538818512, 'MAE': 0.019176142429140033}",0.09213857173919678
Weighted MinHash,"{'RMSE': 0.06490398933237684, 'MAE': 0.04535490755797194}",1.3573835361003876
